City_ID,City,Lat,Lng,Max Temp,Humidity,Cloudiness,Wind Speed,Country,Date
0,ponta do sol,32.6667,-17.1,57.7,70,39,2.44,PT,1647836727
1,port elizabeth,-33.918,25.5701,66.31,98,75,2.3,ZA,1647836727
2,lebu,-37.6167,-73.65,56.08,94,25,5.64,CL,1647836728
3,barranca,-10.75,-77.7667,69.75,82,98,6.42,PE,1647836728
4,castro,-24.7911,-50.0119,56.88,91,91,9.6,BR,1647836728
5,ketchikan,55.3422,-131.6461,42.78,93,100,8.05,US,1647836729
6,port lincoln,-34.7333,135.8667,70.9,66,95,9.82,AU,1647836729
7,rorvik,64.8621,11.2373,43.09,76,0,17.38,NO,1647836729
8,torbay,47.6666,-52.7314,31.28,96,100,28.77,CA,1647836730
9,puqi,29.7167,113.8833,46.67,96,100,7.58,CN,1647836730
10,qaanaaq,77.484,-69.3632,-6.3,93,100,8.57,GL,1647836730
11,meulaboh,4.1363,96.1285,76.59,86,100,6.38,ID,1647836731
12,rikitea,-23.1203,-134.9692,79.54,75,11,12.46,PF,1647836731
13,hobart,-42.8794,147.3294,75.22,66,75,8.05,AU,1647836731
14,hithadhoo,-0.6,73.0833,84.0,68,88,14.63,MV,1647836732
15,bredasdorp,-34.5322,20.0403,64.67,94,8,6.22,ZA,1647836732
16,piney green,34.716,-77.3202,55.35,60,0,3.44,US,1647836732
17,clyde river,70.4692,-68.5914,-18.17,69,75,8.05,CA,1647836733
18,talas,38.6908,35.5538,18.27,86,40,5.75,TR,1647836733
19,thompson,55.7435,-97.8558,17.76,67,0,5.75,CA,1647836734
20,souillac,-20.5167,57.5167,77.38,100,75,0.0,MU,1647836734
21,vanimo,-2.6741,141.3028,86.52,63,73,6.22,PG,1647836734
22,senador guiomard,-10.1522,-67.7392,73.15,99,94,2.93,BR,1647836735
23,kodiak,57.79,-152.4072,36.91,75,75,12.66,US,1647836465
24,cedral,23.8,-100.7333,61.03,61,5,15.52,MX,1647836735
25,jamestown,42.097,-79.2353,38.84,50,0,9.22,US,1647836736
26,ilulissat,69.2167,-51.1,-5.78,54,0,1.14,GL,1647836736
27,busselton,-33.65,115.3333,75.34,37,2,9.62,AU,1647836674
28,santa maria,-29.6842,-53.8069,55.94,69,0,10.65,BR,1647836660
29,barrow,71.2906,-156.7887,-23.78,62,0,10.36,US,1647836737
30,albany,42.6001,-73.9662,41.41,79,100,11.01,US,1647836445
31,kutum,14.2,24.6667,61.99,8,6,4.72,SD,1647836737
32,lavrentiya,65.5833,-171.0,0.23,85,3,2.13,RU,1647836737
33,provideniya,64.3833,-173.3,15.91,73,0,4.47,RU,1647836738
34,saskylakh,71.9167,114.0833,5.85,94,99,2.98,RU,1647836738
35,bambous virieux,-20.3428,57.7575,83.21,100,75,0.0,MU,1647836739
36,laguna,38.421,-121.4238,60.78,39,0,8.05,US,1647836739
37,makakilo city,21.3469,-158.0858,76.28,74,75,9.22,US,1647836740
38,zaysan,47.4667,84.8667,19.65,87,63,2.59,KZ,1647836740
39,punta arenas,-53.15,-70.9167,44.71,87,0,9.22,CL,1647836741
40,kununurra,-15.7667,128.7333,98.58,36,61,6.91,AU,1647836741
41,hambantota,6.1241,81.1185,86.34,74,20,8.05,LK,1647836742
42,ulkan,57.243,107.3223,27.68,85,100,13.53,RU,1647836742
43,olesnica,51.2134,17.3899,29.59,60,0,8.39,PL,1647836614
44,nguru,12.8791,10.4526,76.06,7,100,4.76,NG,1647836742
45,wajid,3.8093,43.2471,74.37,66,46,14.41,SO,1647836743
46,tura,25.5198,90.2201,87.84,23,4,4.63,IN,1647836743
47,yumen,40.2833,97.2,39.09,23,96,24.54,CN,1647836745
48,zeya,53.75,127.2667,21.7,68,21,6.35,RU,1647836745
49,northam,51.0333,-4.2167,46.62,70,67,12.82,GB,1647836745
50,tello,3.0669,-75.1378,72.12,87,88,3.36,CO,1647836746
51,pierre,44.3683,-100.351,58.28,40,0,7.0,US,1647836746
52,cadereyta,25.5833,-99.9833,70.18,80,99,13.27,MX,1647836747
53,nelson bay,-32.7167,152.15,77.09,59,64,4.0,AU,1647836666
54,ayame,5.6083,-3.1563,74.35,96,98,0.22,CI,1647836747
55,yuma,32.7253,-114.6244,67.37,41,0,9.22,US,1647836748
56,westport,41.1415,-73.3579,45.95,66,100,13.8,US,1647836580
57,butaritari,3.0707,172.7902,81.79,78,48,18.28,KI,1647836748
58,atuona,-9.8,-139.0333,78.89,80,49,15.97,PF,1647836727
59,arraial do cabo,-22.9661,-42.0278,75.33,86,98,21.5,BR,1647836749
60,ushuaia,-54.8,-68.3,47.86,81,20,14.97,AR,1647836614
61,lere,10.387,8.5726,71.82,17,100,2.71,NG,1647836749
62,ronne,55.1009,14.7066,37.31,75,0,9.22,DK,1647836749
63,khatanga,71.9667,102.5,9.28,92,100,2.55,RU,1647836750
64,codrington,-38.2667,141.9667,68.76,69,75,12.82,AU,1647836751
65,tuktoyaktuk,69.4541,-133.0374,-11.2,70,75,9.22,CA,1647836752
66,nanning,22.8167,108.3167,84.65,68,83,16.33,CN,1647836752
67,hermanus,-34.4187,19.2345,68.81,91,8,9.84,ZA,1647836753
68,longview,32.5007,-94.7405,64.33,37,0,8.05,US,1647836683
69,mehamn,71.0357,27.8492,42.75,56,0,26.46,NO,1647836753
70,cadillac,44.2519,-85.4012,26.51,86,0,0.0,US,1647836754
71,sault sainte marie,46.5168,-84.3333,36.16,78,0,5.75,CA,1647836677
72,sokol,59.4617,40.1206,31.23,89,9,9.6,RU,1647836754
73,avarua,-21.2078,-159.775,82.45,78,20,12.66,CK,1647836755
74,mizdah,31.4451,12.9801,48.65,82,97,17.22,LY,1647836755
75,multan,30.1956,71.4753,75.09,73,0,0.0,PK,1647836643
76,khandbari,27.3747,87.2039,82.15,24,3,5.26,NP,1647836756
77,vokhtoga,58.8147,41.0461,30.76,93,46,9.48,RU,1647836756
78,rawson,-43.3002,-65.1023,65.7,47,100,18.59,AR,1647836757
79,mandapam,9.2833,79.1167,84.31,71,1,10.07,IN,1647836757
80,ostrovnoy,68.0531,39.5131,30.2,93,100,12.46,RU,1647836758
81,lethem,3.3803,-59.7968,77.09,76,34,11.5,GY,1647836758
82,pangai,-19.8,-174.35,82.04,69,100,12.39,TO,1647836759
83,labuhan,-6.8844,112.2051,85.39,67,98,4.56,ID,1647836759
84,bluff,-46.6,168.3333,60.13,81,48,15.05,NZ,1647836759
85,vaini,-21.2,-175.2,81.61,69,100,14.67,TO,1647836760
86,beloha,-25.1667,45.05,68.45,72,27,9.26,MG,1647836760
87,slave lake,55.2834,-114.769,30.18,69,40,0.0,CA,1647836760
88,conceicao da barra,-18.5933,-39.7322,74.41,88,33,3.2,BR,1647836761
89,shetpe,44.1667,52.1167,25.21,60,3,4.9,KZ,1647836761
90,ahipara,-35.1667,173.1667,70.75,77,12,7.87,NZ,1647836761
91,la asuncion,11.0333,-63.8628,76.73,88,51,9.22,VE,1647836766
92,faanui,-16.4833,-151.75,82.83,70,9,18.32,PF,1647836766
93,richards bay,-28.783,32.0377,64.11,83,2,4.36,ZA,1647836767
94,bad doberan,54.1071,11.9005,37.11,57,0,13.47,DE,1647836767
95,cape canaveral,28.4058,-80.6048,69.01,61,0,12.66,US,1647836767
96,salalah,17.0151,54.0924,73.49,16,0,1.14,OM,1647836768
97,high level,58.5169,-117.136,32.11,74,40,2.3,CA,1647836704
98,pachino,36.7186,15.0907,47.75,64,91,12.66,IT,1647836747
99,sangin,32.0728,64.8359,66.18,18,1,3.09,AF,1647836768
100,vestmannaeyjar,63.4427,-20.2734,39.45,63,100,11.27,IS,1647836769
101,bengkulu,-3.8004,102.2655,83.79,62,92,4.47,ID,1647836675
102,new norfolk,-42.7826,147.0587,74.88,46,91,3.0,AU,1647836769
103,nioki,-2.7167,17.6833,70.81,98,100,1.92,CD,1647836769
104,imbituba,-28.24,-48.6703,67.82,87,98,4.9,BR,1647836770
105,yurimaguas,-5.9,-76.0833,72.5,99,100,1.19,PE,1647836770
106,kysyl-syr,63.8986,122.7617,19.92,88,100,3.83,RU,1647836770
107,kerman,30.2832,57.0788,53.46,22,0,0.0,IR,1647836771
108,mataura,-46.1927,168.8643,71.26,45,71,4.54,NZ,1647836771
109,mayo,38.8876,-76.5119,51.75,52,0,12.66,US,1647836771
110,srednekolymsk,67.45,153.6833,13.89,85,100,16.78,RU,1647836772
111,georgetown,5.4112,100.3354,80.55,78,20,4.61,MY,1647836772
112,ancud,-41.8697,-73.8203,51.91,93,98,8.86,CL,1647836773
113,upernavik,72.7868,-56.1549,-17.64,89,35,5.86,GL,1647836774
114,anadyr,64.75,177.4833,10.9,84,99,4.47,RU,1647836774
115,cape town,-33.9258,18.4232,66.11,85,0,10.36,ZA,1647836603
116,leshukonskoye,64.8989,45.7622,25.39,87,38,8.93,RU,1647836775
117,cidreira,-30.1811,-50.2056,67.14,59,52,12.53,BR,1647836775
118,waingapu,-9.6567,120.2641,86.31,69,82,5.7,ID,1647836775
119,khovu-aksy,51.1333,93.6,17.47,74,38,1.25,RU,1647836776
120,bardiyah,31.7561,25.0865,51.24,58,100,14.07,LY,1647836776
121,sfantu gheorghe,45.8667,25.7833,26.26,80,41,0.43,RO,1647836776
122,brookings,44.3114,-96.7984,53.11,54,0,19.57,US,1647836605
123,asilah,35.465,-6.0348,51.76,88,1,11.72,MA,1647836777
124,goure,13.9835,10.2704,72.19,7,100,3.09,NE,1647836777
125,columbus,39.9612,-82.9988,44.19,73,0,3.44,US,1647836612
126,la tuque,47.4334,-72.7824,32.25,93,100,1.14,CA,1647836777
127,talnakh,69.4865,88.3972,7.21,96,92,5.06,RU,1647836778
128,kapaa,22.0752,-159.319,76.98,94,100,9.22,US,1647836778
129,dikson,73.5069,80.5464,-5.46,100,96,9.89,RU,1647836778
130,tasiilaq,65.6145,-37.6368,3.36,65,7,7.52,GL,1647836779
131,geraldton,-28.7667,114.6,81.01,54,5,21.85,AU,1647836779
132,victoria,22.2855,114.1577,80.65,89,95,11.01,HK,1647836721
133,oussouye,12.485,-16.5469,71.78,72,28,8.37,SN,1647836780
134,peniche,39.3558,-9.3811,51.3,93,19,14.92,PT,1647836780
135,tuatapere,-46.1333,167.6833,66.63,59,60,5.68,NZ,1647836781
136,kruisfontein,-34.0033,24.7314,63.09,90,36,2.95,ZA,1647836781
137,ubinskoye,55.3068,79.6802,14.92,91,100,17.76,RU,1647836782
138,landskrona,55.8708,12.8302,39.18,74,24,13.96,SE,1647836782
139,puerto ayora,-0.7393,-90.3518,75.54,99,33,2.59,EC,1647836783
140,andenes,69.3143,16.1194,44.58,61,0,37.98,NO,1647836783
141,villa maria,-32.4075,-63.2402,57.81,84,88,9.33,AR,1647836784
142,lasa,46.6166,10.7002,33.03,92,73,1.14,IT,1647836784
143,xai-xai,-25.0519,33.6442,71.1,67,34,5.35,MZ,1647836785
144,bethel,41.3712,-73.414,44.69,75,100,5.75,US,1647836785
145,saint-philippe,-21.3585,55.7679,80.11,87,97,9.1,RE,1647836787
146,nikolskoye,59.7035,30.7861,33.87,97,80,4.56,RU,1647836787
147,mar del plata,-38.0023,-57.5575,56.88,75,75,11.99,AR,1647836650
148,coihaique,-45.5752,-72.0662,51.75,82,75,4.61,CL,1647836697
149,satoraljaujhely,48.4,21.6667,32.95,62,0,3.98,HU,1647836788
150,east london,-33.0153,27.9116,65.34,100,20,2.3,ZA,1647836788
151,dunedin,-45.8742,170.5036,60.8,84,65,5.01,NZ,1647836789
152,alice springs,-23.7,133.8833,92.75,18,0,12.66,AU,1647836789
153,turayf,31.6725,38.6637,41.25,45,40,11.5,SA,1647836789
154,tocopilla,-22.092,-70.1979,68.5,78,32,6.49,CL,1647836790
155,kautokeino,69.0125,23.0412,33.28,53,100,10.13,NO,1647836790
156,bintulu,3.1667,113.0333,88.21,74,20,8.05,MY,1647836790
157,isangel,-19.55,169.2667,81.63,85,100,21.45,VU,1647836791
158,tiksi,71.6872,128.8694,7.27,84,99,8.23,RU,1647836791
159,kavieng,-2.5744,150.7967,85.98,66,77,9.46,PG,1647836792
160,kibala,9.1104,18.3463,79.41,15,75,4.76,TD,1647836792
161,solenzo,12.1833,-4.0833,84.22,40,76,5.14,BF,1647836792
162,mao,39.8885,4.2658,55.96,76,75,18.41,ES,1647836741
163,sitka,57.0531,-135.33,40.89,65,100,19.57,US,1647836793
164,san quintin,30.4833,-115.95,57.0,86,15,15.88,MX,1647836663
165,chuy,-33.6971,-53.4616,61.81,58,32,10.98,UY,1647836793
166,alofi,-19.0595,-169.9187,84.09,70,75,9.22,NU,1647836793
167,hasaki,35.7333,140.8333,54.0,51,100,9.6,JP,1647836794
168,longyearbyen,78.2186,15.6401,22.84,93,100,31.07,SJ,1647836794
169,cherskiy,68.75,161.3,15.21,79,100,8.88,RU,1647836794
170,namatanai,-3.6667,152.4333,86.09,63,75,7.11,PG,1647836795
171,cumberland,35.0502,-78.8664,53.49,67,0,3.44,US,1647836795
172,aklavik,68.2191,-135.0107,-4.31,97,100,10.58,CA,1647836797
173,kytmanovo,53.4593,85.4479,22.59,93,100,13.0,RU,1647836797
174,hit,33.6416,42.8251,44.31,27,66,8.93,IQ,1647836797
175,chegdomyn,51.1167,133.0167,18.07,78,100,5.01,RU,1647836797
176,kuah,6.3265,99.8432,85.98,74,40,6.91,MY,1647836798
177,alpena,45.0617,-83.4327,34.05,86,0,0.0,US,1647836798
178,polyarnyy,69.1989,33.4478,29.55,83,99,12.28,RU,1647836799
179,kucevo,44.4775,21.67,31.44,52,1,3.87,RS,1647836799
180,antsohihy,-14.8796,47.9875,75.54,94,84,1.52,MG,1647836799
181,vila franca do campo,37.7167,-25.4333,57.61,76,93,13.0,PT,1647836800
182,pochutla,15.7432,-96.4661,79.83,64,1,3.85,MX,1647836800
183,gobabis,-22.45,18.9667,65.41,73,69,9.33,NA,1647836800
184,betioky,-23.7167,44.3833,66.56,77,0,8.7,MG,1647836801
185,san,13.3034,-4.8956,84.54,29,28,7.96,ML,1647836801
186,adana,36.985,35.2881,44.62,39,0,16.11,TR,1647836802
187,mayumba,-3.432,10.6554,79.11,79,100,3.18,GA,1647836802
188,cayenne,4.9333,-52.3333,79.09,1,100,3.44,GF,1647836802
189,aras,42.5617,-2.356,48.72,93,100,11.5,ES,1647836803
190,bar harbor,44.3876,-68.2039,42.28,87,100,10.0,US,1647836803
191,hovd,48.0056,91.6419,27.43,17,0,2.1,MN,1647836804
192,sulangan,11.1373,123.7228,82.94,77,100,10.63,PH,1647836804
193,touros,-5.1989,-35.4608,78.67,83,96,8.81,BR,1647836805
194,hilo,19.7297,-155.09,76.73,82,75,10.36,US,1647836805
195,pailon,-17.65,-62.75,74.3,79,32,4.0,BO,1647836805
196,muroto,33.2833,134.15,53.62,64,100,7.29,JP,1647836806
197,saratovskaya,44.7103,39.2244,27.66,63,5,5.48,RU,1647836806
198,ugoofaaru,5.6667,73.0,83.53,63,100,11.05,MV,1647836806
199,oshikango,-17.4,15.8833,66.97,89,21,5.14,NA,1647836806
200,yerbogachen,61.2767,108.0108,24.35,91,100,15.5,RU,1647836807
201,sadovoye,47.7764,44.5089,26.83,89,17,12.24,RU,1647836807
202,luba,3.4568,8.5547,73.29,79,82,4.65,GQ,1647836808
203,nanga eboko,4.6833,12.3667,67.55,99,61,2.26,CM,1647836808
204,harper,4.375,-7.7169,78.1,87,74,2.62,LR,1647836632
205,hauterive,46.0901,3.4459,47.16,74,100,5.03,FR,1647836808
206,weligama,5.9667,80.4167,85.15,69,37,11.05,LK,1647836809
207,padang,-0.9492,100.3543,86.05,65,97,4.59,ID,1647836809
208,kaitangata,-46.2817,169.8464,63.5,73,72,13.18,NZ,1647836809
209,kavaratti,10.5669,72.642,81.81,65,19,7.58,IN,1647836810
210,kayerkan,69.3497,87.7602,6.53,84,91,6.31,RU,1647836810
211,port alfred,-33.5906,26.891,70.36,89,4,9.98,ZA,1647836810
212,port-gentil,-0.7193,8.7815,79.32,83,100,9.46,GA,1647836810
213,carnarvon,-24.8667,113.6333,84.27,51,19,25.32,AU,1647836811
214,lima,-12.0432,-77.0282,65.39,36,0,9.22,PE,1647836716
215,south bend,41.6834,-86.25,48.45,79,0,0.0,US,1647836811
216,boca do acre,-8.7522,-67.3978,71.55,100,100,2.42,BR,1647836811
217,sibolga,1.7427,98.7792,82.89,67,100,1.72,ID,1647836812
218,okhotsk,59.3833,143.3,24.87,72,100,20.4,RU,1647836812
219,zhuhai,22.2769,113.5678,84.85,88,40,5.75,CN,1647836812
220,hami,42.8,93.45,42.26,32,100,5.99,CN,1647836813
221,zhigalovo,54.8097,105.1578,30.09,77,97,5.5,RU,1647836813
222,kerema,-7.9631,145.7785,85.71,72,98,11.23,PG,1647836813
223,dudinka,69.4058,86.1778,7.63,96,70,7.78,RU,1647836814
224,pantai remis,4.4557,100.6288,75.22,66,94,3.85,MY,1647836814
225,yarada,17.65,83.2667,88.12,66,28,2.3,IN,1647836814
226,fazilka,30.4,74.0333,88.25,15,0,6.26,IN,1647836815
227,talcahuano,-36.7167,-73.1167,58.68,88,100,8.05,CL,1647836815
228,grindavik,63.8424,-22.4338,32.47,80,75,6.91,IS,1647836815
229,valparaiso,-33.0393,-71.6273,61.48,65,0,4.61,CL,1647836611
230,alghero,40.5589,8.3181,42.89,87,0,3.44,IT,1647836816
231,yellowknife,62.456,-114.3525,27.41,80,40,9.22,CA,1647836816
232,buluang,13.3068,123.3425,87.49,65,100,1.25,PH,1647836816
233,nawada,24.8833,85.5333,96.71,16,6,4.12,IN,1647836817
234,baruun-urt,46.6806,113.2792,26.2,30,8,12.15,MN,1647836817
235,sioux lookout,50.1001,-91.917,35.67,48,20,5.75,CA,1647836817
236,roma,43.2128,-75.4557,39.81,96,0,5.75,US,1647836694
237,severnyy,50.677,36.5532,28.44,74,0,8.95,RU,1647836818
238,portland,45.5234,-122.6762,45.84,86,100,5.75,US,1647836622
239,telde,27.9924,-15.4192,61.02,59,75,11.5,ES,1647836818
240,maldonado,-34.6667,-54.9167,56.59,78,0,5.35,UY,1647836727
241,umarga,17.8333,76.6167,91.09,20,24,10.94,IN,1647836819
242,bathsheba,13.2167,-59.5167,77.61,73,20,20.71,BB,1647836819
243,mareeba,-17.0,145.4333,86.67,69,98,3.94,AU,1647836819
244,indramayu,-6.3264,108.32,83.71,71,100,5.84,ID,1647836820
245,ribeira grande,38.5167,-28.7,56.25,66,98,25.86,PT,1647836820
246,gweru,-19.45,29.8167,49.86,93,4,6.76,ZW,1647836820
247,wanaka,-44.7,169.15,73.11,46,100,4.88,NZ,1647836821
248,shenjiamen,29.9576,122.298,51.4,90,100,17.76,CN,1647836821
249,olafsvik,64.8945,-23.7142,33.67,65,100,7.99,IS,1647836821
250,tiarei,-17.5333,-149.3333,86.02,70,14,17.72,PF,1647836821
251,tarata,-17.6167,-66.0167,58.42,78,100,3.89,BO,1647836822
252,nara,34.6851,135.8049,55.9,38,100,5.5,JP,1647836822
253,klaksvik,62.2266,-6.589,45.52,91,100,17.36,FO,1647836823
254,manama,26.2154,50.5832,73.38,28,0,5.75,BH,1647836553
255,nanortalik,60.1432,-45.2371,11.1,77,3,7.83,GL,1647836823
256,novokizhinginsk,51.6115,109.5917,27.3,62,17,9.62,RU,1647836823
257,voyvozh,62.892,54.9635,22.57,91,100,12.1,RU,1647836824
258,coahuayana,18.7333,-103.6833,68.81,62,5,3.74,MX,1647836824
259,gisborne,-38.6533,178.0042,64.62,96,100,17.72,NZ,1647836824
260,baherden,38.4362,57.4316,48.2,49,100,7.09,TM,1647836825
261,taquari,-29.7997,-51.8644,55.89,82,0,3.42,BR,1647836825
262,london,51.5085,-0.1257,37.85,82,0,2.91,GB,1647836752
263,vallenar,-28.5708,-70.7581,66.9,66,0,1.5,CL,1647836644
264,severo-kurilsk,50.6789,156.125,30.96,92,100,41.41,RU,1647836638
265,airai,-8.9266,125.4092,76.78,52,90,1.66,TL,1647836826
266,pacific grove,36.6177,-121.9166,56.01,79,0,9.22,US,1647836636
267,pemangkat,1.1667,108.9667,81.54,73,99,1.03,ID,1647836819
268,sao filipe,14.8961,-24.4956,69.67,72,6,9.75,CV,1647836826
269,pevek,69.7008,170.3133,-1.3,84,65,3.2,RU,1647836826
270,khao wong,16.7001,104.0902,93.78,42,67,8.52,TH,1647836827
271,onalaska,43.8844,-91.2351,51.28,59,0,6.91,US,1647836827
272,kudahuvadhoo,2.6708,72.8944,83.21,73,100,13.53,MV,1647836827
273,port blair,11.6667,92.75,77.04,88,100,5.75,IN,1647836828
274,trapani,37.8333,12.6667,45.23,87,0,4.61,IT,1647836828
275,yuancheng,36.652,107.7896,47.68,62,100,7.78,CN,1647836828
276,guerrero negro,27.9769,-114.0611,58.26,72,4,20.74,MX,1647836829
277,dingle,10.9995,122.6711,88.61,61,82,13.04,PH,1647836829
278,yulara,-25.2406,130.9889,98.44,12,0,10.36,AU,1647836829
279,tautira,-17.7333,-149.15,82.29,71,24,16.2,PF,1647836830
280,pisco,-13.7,-76.2167,68.05,77,0,2.3,PE,1647836696
281,katsuura,35.1333,140.3,48.67,74,100,9.24,JP,1647836830
282,awjilah,29.1081,21.2869,48.25,64,16,14.32,LY,1647836830
283,narsaq,60.9167,-46.05,10.62,69,0,7.0,GL,1647836831
284,tromso,69.6496,18.957,44.62,42,0,33.38,NO,1647836831
285,kahului,20.8947,-156.47,77.02,78,75,10.36,US,1647836831
286,caravelas,-17.7125,-39.2481,75.22,87,48,3.31,BR,1647836832
287,khor,47.8861,134.9464,24.82,76,73,16.8,RU,1647836832
288,evensk,61.95,159.2333,34.52,76,100,33.17,RU,1647836653
289,cabo san lucas,22.8909,-109.9124,76.3,61,40,13.8,MX,1647836833
290,lorengau,-2.0226,147.2712,86.32,66,94,6.76,PG,1647836834
291,vao,-22.6667,167.4833,78.28,75,97,15.84,NC,1647836835
292,vardo,70.3705,31.1107,36.1,77,100,17.83,NO,1647836835
293,yeppoon,-23.1333,150.7333,85.78,62,18,10.78,AU,1647836835
294,berlevag,70.8578,29.0864,42.8,55,100,22.75,NO,1647836836
295,nsunga,-1.1439,31.3947,62.38,94,66,3.18,TZ,1647836836
296,port hardy,50.6996,-127.4199,42.98,87,100,25.32,CA,1647836836
297,margate,51.3813,1.3862,39.69,86,0,1.01,GB,1647836837
298,kabanjahe,3.1001,98.4908,75.29,62,97,6.2,ID,1647836837
299,santa cruz de la palma,28.6835,-17.7642,62.74,59,75,6.91,ES,1647836837
300,waipawa,-41.4122,175.5153,59.31,91,100,14.56,NZ,1647836838
301,palmer,42.1584,-72.3287,43.21,69,75,9.22,US,1647836838
302,te anau,-45.4167,167.7167,69.69,44,97,3.33,NZ,1647836839
303,sajanan,37.0573,9.2426,49.12,83,44,8.16,TN,1647836839
304,avera,33.194,-82.5271,51.39,61,0,6.44,US,1647836839
305,acarau,-2.8856,-40.12,77.54,85,99,7.49,BR,1647836839
306,karratha,-20.7377,116.8463,96.22,38,78,11.36,AU,1647836840
307,soyo,-6.1349,12.3689,79.02,85,98,5.95,AO,1647836840
308,volchikha,52.0333,80.3833,18.55,81,73,13.85,RU,1647836840
309,gladstone,-23.85,151.25,86.79,48,7,13.8,AU,1647836841
310,san marcos,33.1434,-117.1661,57.25,84,0,5.75,US,1647836841
311,camp verde,34.5636,-111.8543,47.25,62,73,4.56,US,1647836842
312,dubbo,-32.25,148.6167,84.33,32,40,5.75,AU,1647836842
313,kwekwe,-18.9281,29.8149,53.73,92,6,6.02,ZW,1647836842
314,alekseyevka,50.6309,38.6903,23.77,96,73,6.31,RU,1647836842
315,pacifica,37.6138,-122.4869,54.84,77,0,18.41,US,1647836715
316,dolores,-36.3132,-57.6792,51.71,77,38,7.09,AR,1647836843
317,alekseyevsk,57.8406,108.3492,26.71,87,100,14.7,RU,1647836843
318,dharchula,29.85,80.5333,76.62,19,18,2.42,IN,1647836843
319,caldas novas,-17.7417,-48.625,69.08,76,88,2.98,BR,1647836844
320,kenora,49.8167,-94.4337,40.17,56,75,10.36,CA,1647836844
321,port keats,-14.25,129.55,94.08,50,100,4.9,AU,1647836844
322,yambio,4.5721,28.3955,69.78,69,38,1.21,SS,1647836845
323,igrim,63.1906,64.4162,21.61,90,100,13.56,RU,1647836845
324,flin flon,54.7682,-101.865,30.56,89,100,11.59,CA,1647836845
325,fairbanks,64.8378,-147.7164,14.34,55,20,12.66,US,1647836548
326,bonthe,7.5264,-12.505,75.67,83,99,4.81,SL,1647836846
327,solnechnyy,50.7214,136.6319,23.63,68,63,7.38,RU,1647836846
328,mahebourg,-20.4081,57.7,83.25,100,75,0.0,MU,1647836847
329,constitucion,-35.3333,-72.4167,54.97,89,62,3.15,CL,1647836847
330,berdigestyakh,62.0989,126.6992,19.04,83,100,3.38,RU,1647836847
331,krasnyy chikoy,50.3643,108.7512,24.57,73,36,2.68,RU,1647836848
332,banjar,-8.19,114.9675,84.6,71,100,3.8,ID,1647836848
333,carberry,49.8689,-99.3602,37.63,91,100,11.07,CA,1647836848
334,russell,32.3502,-85.1999,50.97,79,0,0.0,US,1647836849
335,humberto de campos,-2.5983,-43.4611,75.22,93,98,4.0,BR,1647836849
336,ayan,56.45,138.1667,23.2,55,42,14.92,RU,1647836849
337,esperance,-33.8667,121.9,66.04,88,99,17.11,AU,1647836850
338,marawi,7.9986,124.2928,76.64,83,99,4.97,PH,1647836850
339,walvis bay,-22.9575,14.5053,66.09,94,58,3.44,NA,1647836850
340,necochea,-38.5473,-58.7368,52.11,63,85,15.95,AR,1647836851
341,dahuk,36.8695,42.994,36.36,56,90,2.84,IQ,1647836851
342,barbastro,42.0356,0.1269,50.54,84,98,8.88,ES,1647836851
343,san carlos de bariloche,-41.1456,-71.3082,47.95,71,40,4.61,AR,1647836852
344,bubaque,11.2833,-15.8333,74.59,71,35,11.77,GW,1647836852
345,belokurikha,51.9959,84.9896,25.84,71,99,1.88,RU,1647836852
346,palana,59.1167,159.9667,34.03,78,75,12.59,RU,1647836853
347,manono,-7.3,27.4167,68.54,97,84,2.15,CD,1647836853
348,nome,64.5011,-165.4064,12.27,67,0,0.0,US,1647836853
349,hamilton,39.1834,-84.5333,51.78,67,0,6.91,US,1647836854
350,north bend,43.4065,-124.2243,47.86,90,100,4.61,US,1647836854
351,saint-joseph,-21.3667,55.6167,79.11,85,81,9.6,RE,1647836856
352,lagoa,39.05,-27.9833,55.13,66,100,29.17,PT,1647836856
353,ramanathapuram,9.3833,78.8333,88.39,54,5,4.61,IN,1647836856
354,mount gambier,-37.8333,140.7667,71.51,53,40,14.97,AU,1647836857
355,los llanos de aridane,28.6585,-17.9182,58.75,75,75,6.91,ES,1647836857
356,saldanha,-33.0117,17.9442,62.65,91,0,8.28,ZA,1647836858
357,san cristobal,7.7669,-72.225,69.98,75,95,1.1,VE,1647836858
358,porto seguro,-16.4497,-39.0647,75.72,94,40,2.3,BR,1647836858
359,sonoita,31.85,-112.8333,62.19,36,81,9.6,MX,1647836859
360,moerai,-22.4333,-151.3333,81.55,74,100,10.29,PF,1647836820
361,vaasa,63.096,21.6158,40.95,75,0,8.05,FI,1647836859
362,atambua,-9.1061,124.8925,84.15,65,71,4.03,ID,1647836859
363,yima,34.7381,111.8839,44.89,69,100,7.72,CN,1647836860
364,bonfim,3.0833,-59.95,77.88,72,60,7.58,BR,1647836860
365,eenhana,-17.4667,16.3333,65.23,93,17,4.92,NA,1647836861
366,muzhi,65.3667,64.6667,21.38,93,99,11.3,RU,1647836861
367,saint george,37.1041,-113.5841,52.63,27,0,16.11,US,1647836780
368,verkhoyansk,67.5447,133.385,-0.96,83,32,1.99,RU,1647836861
369,batavia,41.85,-88.3126,52.25,65,0,0.0,US,1647836615
370,lawrence,38.9717,-95.2353,68.36,27,0,11.5,US,1647836862
371,port macquarie,-31.4333,152.9167,76.89,58,36,14.32,AU,1647836862
372,mezen,65.8522,44.24,23.13,93,35,6.06,RU,1647836862
373,vilhena,-12.7406,-60.1458,68.32,99,100,3.2,BR,1647836863
374,luderitz,-26.6481,15.1594,71.87,68,0,7.74,NA,1647836863
375,pishva,35.308,51.7267,56.21,37,96,5.93,IR,1647836863
376,koumac,-20.5667,164.2833,81.72,72,98,13.04,NC,1647836864
377,yaan,7.3833,8.5667,80.37,70,51,8.81,NG,1647836864
378,kapit,2.0167,112.9333,89.24,58,98,1.92,MY,1647836864
379,qaqortoq,60.7167,-46.0333,2.19,78,7,5.95,GL,1647836865
380,matara,5.9485,80.5353,85.86,67,33,10.87,LK,1647836865
381,pueblo,38.2545,-104.6091,56.84,27,0,5.75,US,1647836685
382,masunga,-20.6246,27.4488,57.02,73,2,10.29,BW,1647836865
383,coffs harbour,-30.3,153.1333,79.12,57,40,16.11,AU,1647836866
384,chernyanka,50.9409,37.8069,18.3,97,25,4.76,RU,1647836866
385,xinmin,41.9908,122.8253,43.74,45,29,7.76,CN,1647836866
386,krasnoselkup,65.7,82.4667,20.21,93,100,1.21,RU,1647836867
387,poum,-20.2333,164.0167,81.05,74,98,18.43,NC,1647836867
388,puerto leguizamo,-0.1934,-74.7819,72.88,98,100,1.48,CO,1647836868
389,buta,2.7858,24.73,68.43,99,91,1.86,CD,1647836868
390,comarapa,-17.9,-64.4833,55.63,98,100,1.3,BO,1647836868
391,altay,47.8667,88.1167,24.26,57,19,2.86,CN,1647836580
392,anloga,5.7947,0.8973,81.86,80,97,14.27,GH,1647836869
393,afantou,36.2935,28.1623,46.81,53,20,4.61,GR,1647836869
394,nhulunbuy,-12.2333,136.7667,88.41,62,75,6.91,AU,1647836869
395,veseloyarsk,51.2836,81.1056,15.98,88,12,16.15,RU,1647836870
396,nemuro,43.3236,145.575,32.81,67,66,15.52,JP,1647836870
397,finschhafen,-6.6024,147.8681,86.14,69,100,9.95,PG,1647836870
398,nijar,36.9665,-2.206,51.66,87,75,8.05,ES,1647836871
399,san patricio,28.017,-97.5169,69.84,79,100,17.43,US,1647836871
400,viedma,-40.8135,-62.9967,67.84,31,100,27.29,AR,1647836871
401,sorland,67.667,12.6934,43.02,80,65,33.89,NO,1647836872
402,inirida,3.8653,-67.9239,71.83,98,100,2.68,CO,1647836872
403,bud,39.447,-86.1758,52.68,63,15,7.25,US,1647836873
404,ust-maya,60.4167,134.5333,18.18,65,55,4.81,RU,1647836873
405,farah,32.5,62.5,66.45,14,6,2.35,AF,1647836873
406,aleksandrovsk-sakhalinskiy,50.8975,142.1561,24.69,65,62,13.58,RU,1647836874
407,gamba,-2.65,10.0,77.77,82,100,1.81,GA,1647836874
408,maniitsoq,65.4167,-52.9,-11.67,79,1,5.93,GL,1647836875
409,marzuq,14.4,46.4667,71.82,38,18,3.94,YE,1647836875
410,santa rosa,14.3122,121.1114,94.1,67,100,13.71,PH,1647836875
411,mulanje,-16.0316,35.5,63.63,99,100,4.79,MW,1647836876
412,horta,38.5333,-28.6333,55.11,68,96,25.66,PT,1647836876
413,aborlan,9.4352,118.5492,81.97,78,100,5.77,PH,1647836876
414,mosquera,4.7059,-74.2302,53.69,100,40,0.0,CO,1647836877
415,swan hill,-35.3378,143.5544,91.45,18,30,7.38,AU,1647836877
416,safaga,26.7292,33.9365,62.58,55,0,10.85,EG,1647836877
417,nanakuli,21.3906,-158.1547,77.7,78,75,6.91,US,1647836878
418,namibe,-15.1961,12.1522,72.82,84,100,6.22,AO,1647836878
419,sarata,46.0197,29.6657,30.25,67,0,8.77,UA,1647836878
420,mian channun,30.44,72.3543,88.74,15,0,4.52,PK,1647836879
421,rio linda,38.691,-121.4486,60.69,37,0,8.05,US,1647836750
422,san vicente de canete,-13.0751,-76.3835,71.24,81,99,2.55,PE,1647836879
423,hwange,-18.3693,26.5019,59.72,81,38,3.83,ZW,1647836880
424,chokurdakh,70.6333,147.9167,-1.23,90,8,4.85,RU,1647836880
425,griffith,41.5284,-87.4237,55.33,93,0,0.0,US,1647836880
426,norman wells,65.282,-126.8329,1.44,66,100,17.27,CA,1647836881
427,shepsi,44.0361,39.1489,34.93,61,2,8.84,RU,1647836881
428,comodoro rivadavia,-45.8667,-67.5,62.46,63,0,6.91,AR,1647836799
429,san pedro,14.35,121.0167,93.34,66,75,9.22,PH,1647836881
430,shimoda,34.6667,138.95,53.96,73,100,8.77,JP,1647836882
431,sobolevo,54.4299,31.8996,24.53,97,15,5.46,RU,1647836882
432,sao felix do xingu,-6.6447,-51.995,69.84,97,68,0.31,BR,1647836882
433,tharad,24.3961,71.6267,83.35,24,0,10.2,IN,1647836884
434,lufilufi,-13.8745,-171.5986,89.38,77,63,17.67,WS,1647836884
435,paamiut,61.994,-49.6678,-4.61,92,50,8.77,GL,1647836884
436,dicabisagan,17.0818,122.4157,86.47,67,14,7.07,PH,1647836885
437,tabuk,17.4189,121.4443,87.01,61,9,6.76,PH,1647836755
438,pran buri,12.3847,99.9098,86.02,67,100,9.73,TH,1647836885
439,abu dhabi,24.4667,54.3667,68.97,85,0,6.91,AE,1647836777
440,talakan,50.3167,130.3667,23.58,61,54,8.23,RU,1647836885
441,pryazha,61.6926,33.6216,29.43,95,71,2.86,RU,1647836886
442,vaitape,-16.5167,-151.75,82.76,71,9,18.19,PF,1647836886
443,hastings,50.8552,0.5729,42.53,85,0,6.35,GB,1647836886
444,bundibugyo,0.7414,30.0417,67.59,89,71,2.64,UG,1647836887
445,copiapo,-27.3667,-70.3333,66.31,59,0,0.69,CL,1647836709
446,tianpeng,30.9866,103.9393,61.27,84,100,2.8,CN,1647836887
447,fortuna,40.5982,-124.1573,47.66,85,20,4.61,US,1647836888
448,rognan,67.0953,15.3878,45.88,59,53,10.16,NO,1647836888
449,olinda,-8.0089,-34.8553,82.13,78,40,6.91,BR,1647836888
450,sistranda,63.7256,8.834,35.56,70,0,9.86,NO,1647836888
451,bowen,-20.0167,148.2333,84.0,57,62,16.49,AU,1647836889
452,rio grande,-32.035,-52.0986,57.31,55,100,16.49,BR,1647836889
453,tecoanapa,16.5167,-98.75,77.47,74,1,2.37,MX,1647836889
454,oranjemund,-28.55,16.4333,67.19,78,1,3.58,NA,1647836890
455,acarigua,9.5545,-69.1956,77.47,68,100,7.4,VE,1647836890
456,vagay,57.9375,69.0217,25.09,94,98,6.71,RU,1647836890
457,abadszalok,47.4667,20.6,26.98,57,0,3.0,HU,1647836891
458,hofn,64.2539,-15.2082,38.8,70,100,6.53,IS,1647836891
459,kaeo,-35.1,173.7833,77.32,69,8,7.78,NZ,1647836891
460,seoul,37.5683,126.9778,49.57,30,0,3.44,KR,1647836892
461,dymer,50.7865,30.3026,35.96,88,0,7.58,UA,1647836892
462,dvinskoy,62.1535,45.1175,27.16,85,90,9.6,RU,1647836893
463,chapais,49.7834,-74.8492,26.38,90,100,11.36,CA,1647836716
464,cockburn town,21.4612,-71.1419,77.68,74,0,15.84,TC,1647836608
465,fougamou,-1.2154,10.5838,73.81,99,100,2.3,GA,1647836893
466,traralgon,-38.1833,146.5333,81.88,38,21,2.08,AU,1647836894
467,muyezerskiy,63.9333,31.65,30.02,83,13,6.11,RU,1647836894
468,tabou,4.423,-7.3528,77.83,88,94,3.02,CI,1647836894
469,asfi,32.2994,-9.2372,57.4,76,20,7.25,MA,1647836895
470,coquimbo,-29.9533,-71.3436,56.93,88,0,3.44,CL,1647836596
471,saint anthony,45.0205,-93.218,51.96,46,0,12.66,US,1647836895
472,grajau,-5.8194,-46.1386,71.71,96,65,0.29,BR,1647836895
473,puerto escondido,15.85,-97.0667,79.5,68,0,6.2,MX,1647836896
474,beringovskiy,63.05,179.3167,20.75,76,92,4.83,RU,1647836896
475,phanom thuan,14.1303,99.6986,91.18,47,90,12.86,TH,1647836897
476,darhan,49.4867,105.9228,29.07,47,1,9.31,MN,1647836897
477,port hedland,-20.3167,118.5667,100.45,37,57,11.5,AU,1647836897
478,ardakan,32.31,54.0175,61.45,19,96,1.03,IR,1647836898
479,acari,-15.4311,-74.6158,72.43,76,76,2.89,PE,1647836898
480,baft,29.234,56.6057,54.48,25,4,3.85,IR,1647836899
481,sambava,-14.2667,50.1667,77.63,88,100,9.19,MG,1647836900
482,jamame,0.0722,42.7506,78.67,77,9,7.85,SO,1647836900
483,havelock,34.8791,-76.9013,58.95,52,0,11.5,US,1647836900
484,sarkand,45.41,79.9186,36.66,51,35,3.27,KZ,1647836900
485,livramento,-3.0254,-60.1803,75.87,100,40,2.3,BR,1647836901
486,arlit,18.7369,7.3853,76.41,14,66,9.42,NE,1647836901
487,vila velha,-20.3297,-40.2925,73.94,94,40,3.44,BR,1647836902
488,konza,-1.7426,37.1294,58.23,92,0,3.04,KE,1647836902
489,turukhansk,65.8167,87.9833,18.41,93,100,5.91,RU,1647836902
490,marabba,12.35,32.1833,74.07,10,1,9.57,SD,1647836903
491,praia da vitoria,38.7333,-27.0667,56.75,82,20,15.26,PT,1647836903
492,lithakia,37.7167,20.8333,38.57,59,5,19.39,GR,1647836903
493,mersing,2.4312,103.8405,80.51,89,40,2.3,MY,1647836904
494,sabancuy,18.9667,-91.1833,78.12,83,80,7.47,MX,1647836904
495,kingaroy,-26.5333,151.8333,78.84,44,40,6.91,AU,1647836904
496,lata,40.1629,-8.3327,51.08,90,80,6.53,PT,1647836905
497,narasannapeta,18.4167,84.05,86.52,59,42,5.59,IN,1647836905
498,dwarka,22.2394,68.9678,78.26,68,0,12.62,IN,1647836905
499,parrita,9.5201,-84.3225,77.61,78,97,3.85,CR,1647836906
500,aktas,49.7789,72.9608,11.95,91,73,15.7,KZ,1647836906
501,aiquile,-18.2041,-65.1807,57.11,95,98,3.18,BO,1647836906
502,kamariotissa,40.4833,25.4667,40.5,61,22,28.1,GR,1647836907
503,ngunguru,-35.6167,174.5,70.45,81,26,12.19,NZ,1647836907
504,savinka,50.0785,47.0994,22.35,95,20,10.42,RU,1647836907
505,westerland,54.9079,8.3033,42.82,52,100,12.66,DE,1647836908
506,bushehr,28.9684,50.8385,66.29,59,0,11.5,IR,1647836908
507,arona,28.0996,-16.681,57.99,66,40,8.05,ES,1647836909
508,high rock,26.6208,-78.2833,73.42,74,86,18.88,BS,1647836909
509,north platte,41.1239,-100.7654,58.37,39,0,8.99,US,1647836910
510,vyartsilya,62.1764,30.693,26.73,91,35,3.18,RU,1647836911
511,karasjok,69.4719,25.5112,38.26,53,100,11.92,NO,1647836911
512,derby,52.9228,-1.4766,36.97,90,2,3.44,GB,1647836907
513,pringsewu,-5.3582,104.9744,89.73,49,91,3.6,ID,1647836911
514,husavik,66.0449,-17.3389,28.72,82,81,3.02,IS,1647836912
515,beaupre,47.0443,-70.8953,36.7,99,100,5.37,CA,1647836912
516,bairiki,1.3292,172.9752,86.0,74,20,11.5,KI,1647836912
517,puerto suarez,-18.95,-57.8,71.91,98,75,3.06,BO,1647836913
518,mount isa,-20.7333,139.5,98.37,20,100,10.36,AU,1647836913
519,redmond,47.674,-122.1215,45.3,86,100,4.0,US,1647836913
520,uruzgan,32.8333,66.0,58.19,26,0,3.87,AF,1647836914
521,mednogorsk,51.4128,57.595,22.1,96,100,16.8,RU,1647836914
522,ishigaki,24.3448,124.1572,77.13,83,75,12.66,JP,1647836746
523,zhezkazgan,47.8043,67.7144,15.78,67,0,6.71,KZ,1647836914
524,deputatskiy,69.3,139.9,-1.46,90,5,2.8,RU,1647836915
525,oranjestad,12.524,-70.027,78.75,78,40,19.57,AW,1647836773
526,tezu,27.9167,96.1667,92.8,21,30,4.94,IN,1647836915
527,urusha,54.05,122.9,22.6,67,16,5.84,RU,1647836915
528,sechura,-5.5569,-80.8222,73.17,74,46,12.21,PE,1647836916
529,iqaluit,63.7506,-68.5145,-6.07,71,100,4.61,CA,1647836916
530,lakatoro,-16.0999,167.4164,78.06,88,100,6.8,VU,1647836916
531,petropavlovsk-kamchatskiy,53.0452,158.6483,32.59,100,100,4.47,RU,1647836917
532,xichang,27.8964,102.2634,76.48,28,2,5.75,CN,1647836917
533,aljezur,37.3191,-8.8033,54.14,92,80,8.63,PT,1647836917
534,xinpu,34.5997,119.1594,45.61,58,100,7.65,CN,1647836918
535,cabra,37.4725,-4.4421,51.19,92,96,0.29,ES,1647836918
536,porto novo,6.4965,2.6036,84.02,82,100,7.07,BJ,1647836918
537,madarounfa,13.3087,7.156,75.07,15,20,3.53,NE,1647836919
538,taldan,53.6667,124.8,22.55,68,21,8.1,RU,1647836920
539,grand gaube,-20.0064,57.6608,83.37,83,61,3.0,MU,1647836920
540,girua,-28.0283,-54.3497,57.69,77,0,13.98,BR,1647836921
541,smithers,54.7804,-127.1743,32.32,93,100,3.44,CA,1647836921
542,floresti,47.8933,28.3014,32.72,77,0,5.01,MD,1647836921
543,cabedelo,-6.9811,-34.8339,77.67,83,56,8.55,BR,1647836921
544,chervonohryhorivka,47.623,34.5389,30.09,85,10,6.51,UA,1647836922
545,bandarbeyla,9.4942,50.8122,77.34,67,4,4.61,SO,1647836922
546,tulum,20.2167,-87.4667,75.42,85,4,6.04,MX,1647836922
547,itarema,-2.9248,-39.9167,76.82,87,99,6.73,BR,1647836923
548,santa isabel do rio negro,-0.4139,-65.0192,72.77,99,100,0.38,BR,1647836923
549,miri,4.4148,114.0089,86.14,74,40,4.61,MY,1647836923
550,mora,11.0461,14.1401,74.19,12,91,3.29,CM,1647836924
551,maceio,-9.6658,-35.7353,76.44,94,40,2.3,BR,1647836644
552,cururupu,-1.8283,-44.8683,74.08,96,85,1.99,BR,1647836924
553,bongandanga,1.5,21.05,70.39,87,100,2.71,CD,1647836925
554,general pico,-35.6566,-63.7568,63.52,42,80,19.04,AR,1647836925
555,trairi,-3.2778,-39.2689,75.74,89,96,5.23,BR,1647836913
556,vrangel,42.7297,133.0839,33.55,52,1,13.67,RU,1647836925
557,angoche,-16.2325,39.9086,74.59,90,96,9.17,MZ,1647836926
558,tete,-16.1564,33.5867,71.69,94,75,0.0,MZ,1647836926
559,nogliki,51.8333,143.1667,24.51,64,12,18.92,RU,1647836926
560,rawah,34.4816,41.9093,42.94,33,100,5.64,IQ,1647836927
561,kang,-23.6752,22.7876,64.65,52,73,7.31,BW,1647836928
562,mopipi,-21.1833,24.8833,63.61,57,41,9.71,BW,1647836928
563,ostersund,63.1792,14.6357,37.85,52,0,10.36,SE,1647836928
564,naze,28.3667,129.4833,68.92,68,71,7.27,JP,1647836929
565,mirandopolis,-21.1336,-51.1017,68.36,82,97,14.2,BR,1647836929
566,lagunas,-5.2269,-75.6753,72.84,99,100,2.06,PE,1647836929
567,roald,62.5833,6.1333,40.75,86,0,3.44,NO,1647836930
